text,href
Skip to content,#main
,https://www.geeksforgeeks.org/
DSA to Development,https://www.geeksforgeeks.org/courses/dsa-to-development-coding-guide?utm_source=geeksforgeeks&utm_medium=main_header&utm_campaign=courses
Data Structure & Algorithm Classes (Live),https://www.geeksforgeeks.org/courses/geeks-classes-live?utm_source=geeksforgeeks&utm_medium=main_header&utm_campaign=courses
System Design (Live),https://www.geeksforgeeks.org/courses/system-design-live?utm_source=geeksforgeeks&utm_medium=main_header&utm_campaign=courses
JAVA Backend Development(Live),https://www.geeksforgeeks.org/courses/Java-backend-live?utm_source=geeksforgeeks&utm_medium=main_header&utm_campaign=courses
DevOps(Live),https://www.geeksforgeeks.org/courses/devops-live?utm_source=geeksforgeeks&utm_medium=main_header&utm_campaign=courses
Data Structures & Algorithms in Python,https://www.geeksforgeeks.org/courses/Data-Structures-With-Python?utm_source=geeksforgeeks&utm_medium=main_header&utm_campaign=courses
Interview Preparation Course,https://www.geeksforgeeks.org/courses/complete-interview-preparation?utm_source=geeksforgeeks&utm_medium=main_header&utm_campaign=courses
GATE CS & IT 2024,https://www.geeksforgeeks.org/courses/gate-live-course/?utm_source=geeksforgeeks&utm_medium=main_header&utm_campaign=courses
Data Science (Live),https://www.geeksforgeeks.org/courses/data-science-live?utm_source=geeksforgeeks&utm_medium=main_header&utm_campaign=courses
Data Structure & Algorithm-Self Paced(C++/JAVA),https://www.geeksforgeeks.org/courses/dsa-self-paced?utm_source=geeksforgeeks&utm_medium=main_header&utm_campaign=courses
Master Competitive Programming(Live),https://www.geeksforgeeks.org/courses/competitive-programming-cp?utm_source=geeksforgeeks&utm_medium=main_header&utm_campaign=courses
Full Stack Development with React & Node JS(Live),https://www.geeksforgeeks.org/courses/full-stack-node?utm_source=geeksforgeeks&utm_medium=main_header&utm_campaign=courses
CBSE Class 12 Computer Science,https://www.geeksforgeeks.org/courses/CS-12?utm_source=geeksforgeeks&utm_medium=main_header&utm_campaign=courses
School Guide,https://www.geeksforgeeks.org/courses/school-guide-course?utm_source=geeksforgeeks&utm_medium=main_header&utm_campaign=courses
Python Programming Foundation,https://www.geeksforgeeks.org/courses/Python-Foundation?utm_source=geeksforgeeks&utm_medium=main_header&utm_campaign=courses
All Courses,https://www.geeksforgeeks.org/courses?utm_source=geeksforgeeks&utm_medium=main_header&utm_campaign=courses
DSA for Beginners,https://www.geeksforgeeks.org/complete-guide-to-dsa-for-beginners/?ref=ghm
Arrays,https://www.geeksforgeeks.org/complete-guide-to-arrays-data-structure/?ref=ghm
Matrix,https://www.geeksforgeeks.org/introduction-to-matrix-or-grid-data-structure-and-algorithms-tutorial/?ref=ghm
Strings,https://www.geeksforgeeks.org/complete-guide-to-string-data-structure/?ref=ghm
Singly Linked List,https://www.geeksforgeeks.org/data-structures/linked-list/singly-linked-list/?ref=ghm
Doubly Linked List,https://www.geeksforgeeks.org/doubly-linked-list/?ref=ghm
Circular Linked List,https://www.geeksforgeeks.org/circular-linked-list/?ref=ghm
Doubly Circular Linked List,https://www.geeksforgeeks.org/doubly-circular-linked-list-set-1-introduction-and-insertion/?ref=ghm
Linked List Tutorial,https://www.geeksforgeeks.org/introduction-to-linked-list-data-structure-and-algorithm-tutorial/?ref=ghm
Stack,https://www.geeksforgeeks.org/introduction-to-stack-data-structure-and-algorithm-tutorials/?ref=ghm
Queue,https://www.geeksforgeeks.org/introduction-to-queue-data-structure-and-algorithm-tutorials/?ref=ghm
Generic Tree,https://www.geeksforgeeks.org/generic-treesn-array-trees/?ref=ghm
Binary Tree,https://www.geeksforgeeks.org/introduction-to-binary-tree-data-structure-and-algorithm-tutorials/?ref=ghm
Binary Search Tree,https://www.geeksforgeeks.org/introduction-to-binary-search-tree-data-structure-and-algorithm-tutorials/?ref=ghm
AVL Tree,https://www.geeksforgeeks.org/introduction-to-avl-tree/?ref=ghm
B Tree,https://www.geeksforgeeks.org/introduction-of-b-tree-2/?ref=ghm
B+ Tree,https://www.geeksforgeeks.org/introduction-of-b-tree/?ref=ghm
Red Black Tree,https://www.geeksforgeeks.org/introduction-to-red-black-tree/?ref=ghm
Tree Data Structure Tutorial,https://www.geeksforgeeks.org/introduction-to-tree-data-structure-and-algorithm-tutorials/?ref=ghm
Heap,https://www.geeksforgeeks.org/introduction-to-heap-data-structure-and-algorithm-tutorials/?ref=ghm
Hashing,https://www.geeksforgeeks.org/introduction-to-hashing-data-structure-and-algorithm-tutorials/?ref=ghm
Graph,https://www.geeksforgeeks.org/introduction-to-graphs-data-structure-and-algorithm-tutorials/?ref=ghm
Set Data Structure,https://www.geeksforgeeks.org/introduction-to-set-data-structure-and-algorithm-tutorials/?ref=ghm
Map Data Structure,https://www.geeksforgeeks.org/introduction-to-map-data-structure-and-algorithm-tutorials/?ref=ghm
Advanced Data Structure,https://www.geeksforgeeks.org/advanced-data-structures/?ref=ghm
Data Structures Tutorial,https://www.geeksforgeeks.org/introduction-to-data-structures/?ref=ghm
Design and Analysis of Algorithms,https://www.geeksforgeeks.org/design-and-analysis-of-algorithms/?ref=ghm
Asymptotic Analysis,https://www.geeksforgeeks.org/analysis-of-algorithms-set-1-asymptotic-analysis/?ref=ghm
Asymptotic Notations,https://www.geeksforgeeks.org/analysis-of-algorithms-set-3asymptotic-notations/?ref=ghm
"Worst, Average and Best Cases",https://www.geeksforgeeks.org/analysis-of-algorithms-set-2-asymptotic-analysis/?ref=ghm
Linear Search,https://www.geeksforgeeks.org/linear-search/?ref=ghm
Binary Search,https://www.geeksforgeeks.org/binary-search/?ref=ghm
Searching Algorithms Tutorial,https://www.geeksforgeeks.org/searching-algorithms/?ref=ghm
Selection Sort,https://www.geeksforgeeks.org/selection-sort/?ref=ghm
Bubble Sort,https://www.geeksforgeeks.org/bubble-sort/?ref=ghm
Insertion Sort,https://www.geeksforgeeks.org/insertion-sort/?ref=ghm
Merge Sort,https://www.geeksforgeeks.org/merge-sort/?ref=ghm
Quick Sort,https://www.geeksforgeeks.org/quick-sort/?ref=ghm
Heap Sort,https://www.geeksforgeeks.org/heap-sort/?ref=ghm
Counting Sort,https://www.geeksforgeeks.org/counting-sort/?ref=ghm
Radix Sort,https://www.geeksforgeeks.org/radix-sort/?ref=ghm
Bucket Sort,https://www.geeksforgeeks.org/bucket-sort-2/?ref=ghm
Sorting Algorithms Tutorial,https://www.geeksforgeeks.org/introduction-to-sorting-algorithm/?ref=ghm
Greedy Algorithms,https://www.geeksforgeeks.org/introduction-to-greedy-algorithm-data-structures-and-algorithm-tutorials/?ref=ghm
Dynamic Programming,https://www.geeksforgeeks.org/introduction-to-dynamic-programming-data-structures-and-algorithm-tutorials/?ref=ghm
Graph Algorithms,https://www.geeksforgeeks.org/introduction-to-graphs-data-structure-and-algorithm-tutorials/?ref=ghm
Pattern Searching,https://www.geeksforgeeks.org/introduction-to-pattern-searching-data-structure-and-algorithm-tutorial/?ref=ghm
Recursion,https://www.geeksforgeeks.org/introduction-to-recursion-data-structure-and-algorithm-tutorials/?ref=ghm
Backtracking,https://www.geeksforgeeks.org/introduction-to-backtracking-data-structure-and-algorithm-tutorials/?ref=ghm
Divide and Conquer,https://www.geeksforgeeks.org/introduction-to-divide-and-conquer-algorithm-data-structure-and-algorithm-tutorials/?ref=ghm
Mathematical Algorithms,https://www.geeksforgeeks.org/mathematical-algorithms/?ref=ghm
Geometric Algorithms,https://www.geeksforgeeks.org/geometric-algorithms/?ref=ghm
Bitwise Algorithms,https://www.geeksforgeeks.org/introduction-to-bitwise-algorithms-data-structures-and-algorithms-tutorial/?ref=ghm
Randomized Algorithms,https://www.geeksforgeeks.org/randomized-algorithms/?ref=ghm
Branch and Bound,https://www.geeksforgeeks.org/introduction-to-branch-and-bound-data-structures-and-algorithms-tutorial/?ref=ghm
Algorithms Tutorial,https://www.geeksforgeeks.org/introduction-to-algorithms/?ref=ghm
Complete DSA Tutorial,https://www.geeksforgeeks.org/learn-data-structures-and-algorithms-dsa-tutorial/?ref=ghm
Competitive Programming,https://www.geeksforgeeks.org/competitive-programming-a-complete-guide/?ref=ghm
Facebook SDE Sheet,https://www.geeksforgeeks.org/facebookmeta-sde-sheet-interview-questions-and-answers/?ref=ghm
Amazon SDE Sheet,https://www.geeksforgeeks.org/amazon-sde-sheet-interview-questions-and-answers/?ref=ghm
Apple SDE Sheet,https://www.geeksforgeeks.org/apple-sde-sheet-interview-questions-and-answers/?ref=ghm
Netflix SDE Sheet,https://www.geeksforgeeks.org/netflix-sde-sheet-interview-questions-and-answers/?ref=ghm
Google SDE Sheet,https://www.geeksforgeeks.org/google-sde-sheet-interview-questions-and-answers/?ref=ghm
Wipro Coding Sheet,https://www.geeksforgeeks.org/wipro-sde-sheet-interview-questions-and-answers/?ref=ghm
Infosys Coding Sheet,https://www.geeksforgeeks.org/infosys-sde-sheet-interview-questions-and-answers/?ref=ghm
TCS Coding Sheet,https://www.geeksforgeeks.org/tcs-sde-sheet-interview-questions-and-answers/?ref=ghm
Cognizant Coding Sheet,https://www.geeksforgeeks.org/cognizant-sde-sheet-interview-questions-and-answers/?ref=ghm
HCL Coding Sheet,https://www.geeksforgeeks.org/hcl-sde-sheet-interview-questions-and-answers/?ref=ghm
DSA Sheet for Beginners,https://www.geeksforgeeks.org/most-asked-dsa-interview-problems-for-beginners/?ref=ghm
SDE Sheets,https://www.geeksforgeeks.org/sde-sheet-a-complete-guide-for-sde-preparation/?ref=ghm
FAANG Coding Sheet,https://www.geeksforgeeks.org/must-do-coding-questions-for-companies-like-amazon-microsoft-adobe/?ref=ghm
Love Babbaar Sheet,https://www.geeksforgeeks.org/dsa-sheet-by-love-babbar/?ref=ghm
Mass Recruiter Sheet,https://www.geeksforgeeks.org/must-do-questions-for-companies-like-tcs-cts-hcl-ibm/?ref=ghm
Product-Based Coding Sheet,https://www.geeksforgeeks.org/must-do-coding-questions-for-product-based-companies/?ref=ghm
Company-Wise Preparation Sheet,https://www.geeksforgeeks.org/must-coding-questions-company-wise/?ref=ghm
Top 100 DSA Interview Questions Topic-wise,https://www.geeksforgeeks.org/top-100-data-structure-and-algorithms-dsa-interview-questions-topic-wise/?ref=ghm
Top 50 Array Problems,https://www.geeksforgeeks.org/top-50-array-coding-problems-for-interviews/?ref=ghm
Top 50 String Problems,https://www.geeksforgeeks.org/top-50-string-coding-problems-for-interviews/?ref=ghm
Top 50 Stack Problems,https://www.geeksforgeeks.org/top-50-problems-on-stack-data-structure-asked-in-interviews/?ref=ghm
Top 50 Heap Problems,https://www.geeksforgeeks.org/top-50-problems-on-heap-data-structure-asked-in-interviews/?ref=ghm
Top 50 Linked List Problems,https://www.geeksforgeeks.org/top-20-linked-list-interview-question/?ref=ghm
Top 50 Tree Problems,https://www.geeksforgeeks.org/top-50-tree-coding-problems-for-interviews/?ref=ghm
Top 50 Graph Problems,https://www.geeksforgeeks.org/top-50-graph-coding-problems-for-interviews/?ref=ghm
Top 50 Problems on Recursion Algorithms,https://www.geeksforgeeks.org/top-50-interview-problems-on-recursion-algorithm/?ref=ghm
Top 20 Interview Questions on Greedy Algorithms,https://www.geeksforgeeks.org/top-20-greedy-algorithms-interview-questions/?ref=ghm
Top 20 Interview Questions on Dynamic Programming,https://www.geeksforgeeks.org/top-20-dynamic-programming-interview-questions/?ref=ghm
Top 50 Problems on Dynamic Programming (DP),https://www.geeksforgeeks.org/top-50-dynamic-programming-coding-problems-for-interviews/?ref=ghm
Top 20 Interview Questions on Hashing,https://www.geeksforgeeks.org/top-20-hashing-technique-based-interview-questions/?ref=ghm
Interview Questions on Top 10 Algorithms,https://www.geeksforgeeks.org/top-10-algorithms-in-interview-questions/?ref=ghm
Commonly Asked Data Structure Interview Questions,https://www.geeksforgeeks.org/commonly-asked-data-structure-interview-questions-set-1/?ref=ghm
All Puzzles,https://www.geeksforgeeks.org/puzzles/?ref=ghm
Top 100 Puzzles Asked In Interviews,https://www.geeksforgeeks.org/top-100-puzzles-asked-in-interviews/?ref=ghm
Top 20 Puzzles Commonly Asked During SDE Interviews,https://www.geeksforgeeks.org/top-20-puzzles-commonly-asked-during-sde-interviews/?ref=ghm
Top MCQs on Puzzles with Answers,https://www.geeksforgeeks.org/top-mcqs-on-puzzles-with-answers/?ref=ghm
Crossword Puzzle Of The Week,https://www.geeksforgeeks.org/tag/crossword-of-the-week/?ref=ghm
What is System Design,https://www.geeksforgeeks.org/what-is-system-design-learn-system-design/?ref=ghm
Key Terminologies in System Design,https://www.geeksforgeeks.org/important-key-concepts-and-terminologies-learn-system-design/?ref=ghm
Analysis and Architecture of Systems,https://www.geeksforgeeks.org/analysis-of-monolithic-and-distributed-systems-learn-system-design/?ref=ghm
Scalability in System Design,https://www.geeksforgeeks.org/what-is-scalability-and-how-to-achieve-it-learn-system-design/?ref=ghm
Databases in System Design,https://www.geeksforgeeks.org/complete-reference-to-databases-in-designing-systems/?ref=ghm
High Level Design or HLD,https://www.geeksforgeeks.org/what-is-high-level-design-learn-system-design/?ref=ghm
Low Level Design or LLD,https://www.geeksforgeeks.org/what-is-low-level-design-or-lld-learn-system-design/?ref=ghm
Communication Protocols,https://www.geeksforgeeks.org/communication-protocols-in-system-design/?ref=ghm
Web Servers and Proxies,https://www.geeksforgeeks.org/web-server-proxies-and-their-role-in-designing-systems/?ref=ghm
Case Studies in Designing Systems,https://www.geeksforgeeks.org/top-10-system-design-interview-questions-and-answers/?ref=ghm
Complete System Design Tutorial,https://www.geeksforgeeks.org/system-design-tutorial/?ref=ghm
Factory Pattern,https://www.geeksforgeeks.org/design-patterns-set-1-introduction/?ref=ghm
Observer Pattern,https://www.geeksforgeeks.org/observer-pattern-set-1-introduction/?ref=ghm
Singleton Design Pattern,https://www.geeksforgeeks.org/singleton-design-pattern/?ref=ghm
Decorator Pattern,https://www.geeksforgeeks.org/decorator-pattern/?ref=ghm
Strategy Pattern,https://www.geeksforgeeks.org/strategy-pattern-set-1/?ref=ghm
Adapter Pattern,https://www.geeksforgeeks.org/adapter-pattern/?ref=ghm
Command Pattern,https://www.geeksforgeeks.org/command-pattern/?ref=ghm
Iterator Pattern,https://www.geeksforgeeks.org/iterator-pattern/?ref=ghm
Prototype Design Pattern,https://www.geeksforgeeks.org/prototype-design-pattern/?ref=ghm
All Design Patterns,https://www.geeksforgeeks.org/software-design-patterns/?ref=ghm
System Design Roadmap,https://www.geeksforgeeks.org/complete-roadmap-to-learn-system-design/?ref=ghm
Top 10 System Design Interview Questions and Answers,https://www.geeksforgeeks.org/top-10-system-design-interview-questions-and-answers/?ref=ghm
Company Preparation,https://www.geeksforgeeks.org/company-preparation/?ref=ghm
Top Topics,https://www.geeksforgeeks.org/interview-preparation-for-software-developer/?ref=ghm
Practice Company Questions,https://practice.geeksforgeeks.org/company-tags/
Interview Experiences,https://www.geeksforgeeks.org/company-interview-corner/?ref=ghm
Experienced Interviews,https://www.geeksforgeeks.org/experienced-interview-experiences-company-wise/?ref=ghm
Internship Interviews,https://www.geeksforgeeks.org/internship-interview-experiences-company-wise/?ref=ghm
Competitive Programming,https://www.geeksforgeeks.org/competitive-programming-a-complete-guide/?ref=ghm
Multiple Choice Quizzes,https://www.geeksforgeeks.org/quiz-corner-gq/?ref=ghm
Aptitude for Placements,https://www.geeksforgeeks.org/aptitude-questions-and-answers/?ref=ghm
C,https://www.geeksforgeeks.org/c-programming-language/?ref=ghm
C++,https://www.geeksforgeeks.org/c-plus-plus/?ref=ghm
Java,https://www.geeksforgeeks.org/java/?ref=ghm
Python,https://www.geeksforgeeks.org/python-programming-language/?ref=ghm
JavaScript,https://www.geeksforgeeks.org/learn-javascript-js-roadmap-for-beginners/?ref=ghm
PHP,https://www.geeksforgeeks.org/php-tutorials/?ref=ghm
R Tutorial,https://www.geeksforgeeks.org/r-tutorial/
C#,https://www.geeksforgeeks.org/csharp-programming-language/?ref=ghm
SQL,https://www.geeksforgeeks.org/sql-tutorial/?ref=ghm
Scala,https://www.geeksforgeeks.org/scala-programming-language/?ref=ghm
Perl,https://www.geeksforgeeks.org/perl-programming-language/?ref=ghm
Go Language,https://www.geeksforgeeks.org/golang/?ref=ghm
Kotlin,https://www.geeksforgeeks.org/kotlin-programming-language/?ref=ghm
HTML Tutorial,https://www.geeksforgeeks.org/html-tutorials/?ref=ghm
Free HTML Course,https://www.geeksforgeeks.org/learn-html/?ref=ghm
HTML Cheat Sheet,https://www.geeksforgeeks.org/html-cheat-sheet-a-basic-guide-to-html/?ref=ghm
CSS Tutorial,https://www.geeksforgeeks.org/css-tutorials/?ref=ghm
Free CSS Course,https://www.geeksforgeeks.org/learn-css/?ref=ghm
CSS Cheat Sheet,https://www.geeksforgeeks.org/css-cheat-sheet-a-basic-guide-to-css/?ref=ghm
SASS,https://www.geeksforgeeks.org/sass/?ref=ghm
LESS,https://www.geeksforgeeks.org/less/?ref=ghm
JavaScript Tutorial,https://www.geeksforgeeks.org/javascript/?ref=ghm
Free JavaScript Course,https://www.geeksforgeeks.org/learn-javascript-js-roadmap-for-beginners/?ref=ghm
JavaScript A to Z Complete Guide,https://www.geeksforgeeks.org/javascript-complete-guide/?ref=ghm
JavaScript Cheat Sheet,https://www.geeksforgeeks.org/javascript-cheat-sheet-a-basic-guide-to-javascript/?ref=ghm
JavaScript Programming Examples,https://www.geeksforgeeks.org/javascript-examples/?ref=ghm
ReactJS Tutorial,https://www.geeksforgeeks.org/reactjs-tutorials/?ref=ghm
Free ReactJS Course,https://www.geeksforgeeks.org/learn-reactjs/?ref=ghm
NextJS,https://www.geeksforgeeks.org/nextjs/?ref=ghm
React Material UI,https://www.geeksforgeeks.org/react-material-ui/?ref=ghm
React Bootstrap,https://www.geeksforgeeks.org/react-bootstrap/?ref=ghm
React Suite,https://www.geeksforgeeks.org/react-suite/?ref=ghm
Ant Design,https://www.geeksforgeeks.org/ant-design/?ref=ghm
ReactJS Reactstrap,https://www.geeksforgeeks.org/reactjs-reactstrap/?ref=ghm
BlueprintJS,https://www.geeksforgeeks.org/blueprintjs/?ref=ghm
Node.js Tutorial,https://www.geeksforgeeks.org/nodejs/?ref=ghm
Express.js,https://www.geeksforgeeks.org/express-js/
PHP Tutorial,https://www.geeksforgeeks.org/php-tutorial/?ref=ghm
PHP Programming Examples,https://www.geeksforgeeks.org/php-examples/?ref=ghm
AngularJS Tutorial,https://www.geeksforgeeks.org/angularjs/?ref=ghm
AngularJS Cheat Sheet,https://www.geeksforgeeks.org/angular-cheat-sheet-a-basic-guide-to-angular/?ref=ghm
Angular PrimeNG,https://www.geeksforgeeks.org/angular-primeng/?ref=ghm
Angular ngx Bootstrap,https://www.geeksforgeeks.org/angular-ngx-bootstrap/?ref=ghm
jQuery Tutorial,https://www.geeksforgeeks.org/jquery/?ref=ghm
jQuery Cheat Sheet,https://www.geeksforgeeks.org/jquery-cheat-sheet-a-basic-guide-to-jquery/?ref=ghm
jQuery UI,https://www.geeksforgeeks.org/jquery-ui/?ref=ghm
jQuery Mobile,https://www.geeksforgeeks.org/jquery-mobile/?ref=ghm
jQwidget,https://www.geeksforgeeks.org/jqwidgets/?ref=ghm
TypeScript,https://www.geeksforgeeks.org/typescript/?ref=ghm
JSON,https://www.geeksforgeeks.org/json/?ref=ghm
Bootstrap Tutorial,https://www.geeksforgeeks.org/bootstrap/?ref=ghm
Bootstrap 5,https://www.geeksforgeeks.org/bootstrap-5/?ref=ghm
Bootstrap Cheat Sheet,https://www.geeksforgeeks.org/bootstrap-cheatsheet-a-basic-guide-to-bootstrap/?ref=ghm
Tailwind CSS,https://www.geeksforgeeks.org/tailwind-css/?ref=ghm
Bulma,https://www.geeksforgeeks.org/bulma/?ref=ghm
Pure CSS,https://www.geeksforgeeks.org/pure-css/?ref=ghm
Materialize CSS,https://www.geeksforgeeks.org/materialize-css/?ref=ghm
Foundation,https://www.geeksforgeeks.org/foundation/?ref=ghm
Semantic UI,https://www.geeksforgeeks.org/semantic-ui/?ref=ghm
Primer CSS,https://www.geeksforgeeks.org/primer-css/?ref=ghm
Spectre CSS,https://www.geeksforgeeks.org/spectre-css/?ref=ghm
Lodash,https://www.geeksforgeeks.org/lodash/?ref=ghm
D3.js,https://www.geeksforgeeks.org/d3-js/?ref=ghm
Vue.js,https://www.geeksforgeeks.org/vue-js/?ref=ghm
Underscore.js,https://www.geeksforgeeks.org/underscore-js/?ref=ghm
TensorFlow.js,https://www.geeksforgeeks.org/tensorflow-js/?ref=ghm
Collect.js,https://www.geeksforgeeks.org/collect-js/?ref=ghm
Fabric.js,https://www.geeksforgeeks.org/fabric-js/?ref=gfm
p5.js,https://www.geeksforgeeks.org/p5-js/?ref=ghm
ML Tutorial,https://www.geeksforgeeks.org/machine-learning/
ML Maths,https://www.geeksforgeeks.org/machine-learning-mathematics/
ML Projects,https://www.geeksforgeeks.org/machine-learning-projects/
Data Science using Python,https://www.geeksforgeeks.org/data-science-tutorial/
Data Science using R,https://www.geeksforgeeks.org/r-programming-for-data-science/
Pandas Tutorial,https://www.geeksforgeeks.org/pandas-tutorial/
NumPy Tutorial,https://www.geeksforgeeks.org/numpy-tutorial/
Python Data Visualization Tutorial,https://www.geeksforgeeks.org/python-data-visualization-tutorial/
Matplotlib Tutorial,https://www.geeksforgeeks.org/matplotlib-tutorial/
Bokeh Tutorial,https://www.geeksforgeeks.org/python-bokeh-tutorial-interactive-data-visualization-with-bokeh/
Plotly Tutorial,https://www.geeksforgeeks.org/python-plotly-tutorial/
Seaborn Tutorial,https://www.geeksforgeeks.org/python-seaborn-tutorial/
Data Visualization with R,https://www.geeksforgeeks.org/data-visualization-in-r/
Plotly Tutorial,https://www.geeksforgeeks.org/getting-started-with-plotly-in-r/
ggplot Tutorial,https://www.geeksforgeeks.org/data-visualization-with-r-and-ggplot2/
Tableau,https://www.geeksforgeeks.org/tableau-tutorial/
Power BI,https://www.geeksforgeeks.org/power-bi-tutorial/
Data Analysis with Python,https://www.geeksforgeeks.org/data-analysis-with-python/
Data Analysis with R,https://www.geeksforgeeks.org/data-analysis-using-r/
Deep Learning Tutorial,https://www.geeksforgeeks.org/deep-learning-tutorial/
Deep Learning Projects,https://www.geeksforgeeks.org/5-deep-learning-project-ideas-for-beginners/
NLP Tutorial,https://www.geeksforgeeks.org/natural-language-processing-nlp-tutorial/
OpenCV Tutorial,https://www.geeksforgeeks.org/opencv-python-tutorial/
Machine Learning Interview Question,https://www.geeksforgeeks.org/machine-learning-interview-questions/
Deep Learning Interview Question,https://www.geeksforgeeks.org/deep-learning-interview-questions/
Python Interview Questions,https://www.geeksforgeeks.org/python-interview-questions/
Top 50 R Interview Questions,https://www.geeksforgeeks.org/r-interview-questions/
Tensorflow,https://www.geeksforgeeks.org/introduction-to-tensorflow/
PyTorch,https://www.geeksforgeeks.org/getting-started-with-pytorch/
PyTorch Lightning,https://www.geeksforgeeks.org/understanding-pytorch-lightning-datamodules/
Mathematics,https://www.geeksforgeeks.org/engineering-mathematics-tutorials/?ref=ghm
Operating System,https://www.geeksforgeeks.org/operating-systems/?ref=ghm
DBMS,https://www.geeksforgeeks.org/dbms/?ref=ghm
Computer Networks,https://www.geeksforgeeks.org/computer-network-tutorials/?ref=ghm
Computer Organization and Architecture,https://www.geeksforgeeks.org/computer-organization-and-architecture-tutorials/?ref=ghm
Theory of Computation,https://www.geeksforgeeks.org/theory-of-computation-automata-tutorials/?ref=ghm
Compiler Design,https://www.geeksforgeeks.org/compiler-design-tutorials/?ref=ghm
Digital Logic,https://www.geeksforgeeks.org/digital-electronics-logic-design-tutorials/#blg/?ref=ghm
Software Engineering,https://www.geeksforgeeks.org/software-engineering/?ref=ghm
GIT,https://www.geeksforgeeks.org/git-tutorial/?ref=ghm
AWS,https://www.geeksforgeeks.org/aws-tutorial/?ref=ghm
Docker,https://www.geeksforgeeks.org/docker-tutorial/?ref=ghm
Kubernetes,https://www.geeksforgeeks.org/kubernetes-tutorial/?ref=ghm
Microsoft Azure Tutorial,https://www.geeksforgeeks.org/microsoft-azure/?ref=ghm
Google Cloud Platform,https://www.geeksforgeeks.org/google-cloud-platform-tutorial/?ref=ghm
English Grammar,https://www.geeksforgeeks.org/english-grammar/?ref=ghm
School Programming,https://www.geeksforgeeks.org/school-learning/?ref=ghm
Number System,https://www.geeksforgeeks.org/number-system-and-arithmetic/?ref=ghm
Algebra,https://www.geeksforgeeks.org/algebra/?ref=ghm
Linear Algebra,https://www.geeksforgeeks.org/linear-algebra/?ref=ghm
Trigonometry,https://www.geeksforgeeks.org/trigonometry/?ref=ghm
Set Theory,https://www.geeksforgeeks.org/set-theory/?ref=ghm
Statistics,https://www.geeksforgeeks.org/statistics/?ref=ghm
Probability,https://www.geeksforgeeks.org/probability-in-maths/?ref=ghm
Geometry,https://www.geeksforgeeks.org/geometry/?ref=ghm
Mensuration,https://www.geeksforgeeks.org/mensuration/?ref=ghm
Logarithms,https://www.geeksforgeeks.org/logarithms/?ref=ghm
Calculus,https://www.geeksforgeeks.org/calculus/?ref=ghm
Class 8 Syllabus,https://www.geeksforgeeks.org/cbse-class-8-syllabus/?ref=ghm
Class 9 Syllabus,https://www.geeksforgeeks.org/cbse-class-9-syllabus/?ref=ghm
Class 10 Syllabus,https://www.geeksforgeeks.org/cbse-class-10-syllabus/?ref=ghm
Class 11 Syllabus,https://www.geeksforgeeks.org/cbse-class-11-syllabus/?ref=ghm
Class 12 Syllabus,https://www.geeksforgeeks.org/cbse-class-12-syllabus/?ref=ghm
Class 8 Notes,https://www.geeksforgeeks.org/cbse-class-8-maths-notes/?ref=ghm
Class 9 Notes,https://www.geeksforgeeks.org/cbse-class-9-maths-notes/?ref=ghm
Class 10 Notes,https://www.geeksforgeeks.org/cbse-class-10-maths-notes/?ref=ghm
Class 11 Notes,https://www.geeksforgeeks.org/cbse-class-11-maths-notes/?ref=ghm
Class 12 Notes,https://www.geeksforgeeks.org/cbse-class-12-maths-notes/?ref=ghm
Class 8 Formulas,https://www.geeksforgeeks.org/cbse-class-8-maths-formulas/?ref=ghm
Class 9 Formulas,https://www.geeksforgeeks.org/cbse-class-9-maths-formulas/?ref=ghm
Class 10 Formulas,https://www.geeksforgeeks.org/cbse-class-10-maths-formulas/?ref=ghm
Class 11 Formulas,https://www.geeksforgeeks.org/cbse-class-11-maths-formulas/?ref=ghm
Class 8 Maths Solution,https://www.geeksforgeeks.org/ncert-solutions-for-class-8-maths/?ref=ghm
Class 9 Maths Solution,https://www.geeksforgeeks.org/ncert-solutions-for-class-9-maths/?ref=ghm
Class 10 Maths Solution,https://www.geeksforgeeks.org/ncert-solutions-for-class-10-maths/?ref=ghm
Class 11 Maths Solution,https://www.geeksforgeeks.org/ncert-solutions-for-class-11-maths/?ref=ghm
Class 12 Maths Solution,https://www.geeksforgeeks.org/ncert-solutions-for-class-12-maths/?ref=ghm
Class 8 Maths Solution,https://www.geeksforgeeks.org/rd-sharma-class-8-solutions-for-maths/?ref=ghm
Class 9 Maths Solution,https://www.geeksforgeeks.org/rd-sharma-class-9-solutions/?ref=ghm
Class 10 Maths Solution,https://www.geeksforgeeks.org/rd-sharma-class-10-solutions/?ref=ghm
Class 11 Maths Solution,https://www.geeksforgeeks.org/rd-sharma-class-11-solutions-for-maths/?ref=ghm
Class 12 Maths Solution,https://www.geeksforgeeks.org/rd-sharma-class-12-solutions-for-maths/?ref=ghm
Class 8 Notes,https://www.geeksforgeeks.org/class-8-science-notes/?ref=ghm
Class 9 Notes,https://www.geeksforgeeks.org/class-9-science-revision-notes/?ref=ghm
Class 10 Notes,https://www.geeksforgeeks.org/class-10-science-notes/?ref=ghm
Class 8 Notes,https://www.geeksforgeeks.org/cbse-physics-class-8-notes/?ref=ghm
Class 9 Notes,https://www.geeksforgeeks.org/cbse-class-9-physics-notes/?ref=ghm
Class 10 Notes,https://www.geeksforgeeks.org/cbse-notes-for-class-10-physics/?ref=ghm
Class 11 Notes,https://www.geeksforgeeks.org/cbse-class-11-physics-notes/?ref=ghm
Class 12 Notes,https://www.geeksforgeeks.org/cbse-notes-class-12-physics/?ref=ghm
Class 8 Notes,https://www.geeksforgeeks.org/cbse-class-8-chemistry-notes/?ref=ghm
Class 9 Notes,https://www.geeksforgeeks.org/cbse-class-9-chemistry-notes/?ref=ghm
Class 10 Notes,https://www.geeksforgeeks.org/cbse-class-10-chemistry-notes/?ref=ghm
Class 11 Notes,https://www.geeksforgeeks.org/cbse-notes-class-11-chemistry/?ref=ghm
Class 12 Notes,https://www.geeksforgeeks.org/cbse-notes-class-12-chemistry/?ref=ghm
Class 8,https://www.geeksforgeeks.org/cbse-class-8-biology-syllabus/?ref=ghm
Class 9,https://www.geeksforgeeks.org/class-9-biology-syllabus/?ref=ghm
Class 10,https://www.geeksforgeeks.org/class-10-biology-syllabus/?ref=ghm
Class 11,https://www.geeksforgeeks.org/cbse-class-11-biology-notes/?ref=ghm
Class 12,https://www.geeksforgeeks.org/cbse-notes-class-12-biology/?ref=ghm
Class 7 SS Syllabus,https://www.geeksforgeeks.org/cbse-syllabus-for-class-7-social-science/?ref=ghm
Class 8 SS Syllabus,https://www.geeksforgeeks.org/cbse-syllabus-for-class-8-social-science/?ref=ghm
Class 9 SS Syllabus,https://www.geeksforgeeks.org/cbse-syllabus-for-class-9-social-science/?ref=ghm
Class 10 SS Syllabus,https://www.geeksforgeeks.org/cbse-class-10-social-science-syllabus/?ref=ghm
Class 7 Notes,https://www.geeksforgeeks.org/class-7-social-science-notes/?ref=ghm
Class 8 Notes,https://www.geeksforgeeks.org/cbse-class-8-social-science-civics-notes/?ref=ghm
Class 9 Notes,https://www.geeksforgeeks.org/cbse-class-9-social-science-revision-notes/?ref=ghm
Class 10 Notes,https://www.geeksforgeeks.org/cbse-class-10-social-science-notes/?ref=ghm
History Class 7,https://www.geeksforgeeks.org/class-7-social-science-history/?ref=ghm
History Class 8,https://www.geeksforgeeks.org/cbse-class-8-social-science-history-notes/?ref=ghm
History Class 9,https://www.geeksforgeeks.org/class-9-social-science-history-notes/?ref=ghm
Geo. Class 7,https://www.geeksforgeeks.org/cbse-class-7-geography-notes/?ref=ghm
Geo. Class 8,https://www.geeksforgeeks.org/class-8-social-science-geography/?ref=ghm
Geo. Class 9,https://www.geeksforgeeks.org/class-9-social-science-geography-notes/?ref=ghm
Civics Class 7,https://www.geeksforgeeks.org/cbse-class-7-civics-notes/?ref=ghm
Civics Class 8,https://www.geeksforgeeks.org/cbse-class-8-social-science-civics-notes/?ref=ghm
Maths,https://www.geeksforgeeks.org/cbse-class-12-maths-previous-year-paper-2022/?ref=ghm
Physics,https://www.geeksforgeeks.org/cbse-previous-year-question-papers-class-12-physics/?ref=ghm
History,https://www.geeksforgeeks.org/cbse-previous-year-question-papers-class-12-history/?ref=ghm
Georgraphy,https://www.geeksforgeeks.org/cbse-previous-year-question-paper-class-12-geography/?ref=ghm
Political Science,https://www.geeksforgeeks.org/cbse-previous-year-question-papers-class-12-political-science/?ref=ghm
Economics,https://www.geeksforgeeks.org/cbse-previous-year-question-papers-class-12-economics/?ref=ghm
Class 11th Notes,https://www.geeksforgeeks.org/cbse-class-11-business-studies-notes/?ref=ghm
Class 12th Notes,https://www.geeksforgeeks.org/cbse-class-12-business-studies-notes/?ref=ghm
Business Studies Complete Guide,https://www.geeksforgeeks.org/business-studies/?ref=ghm
Class 11th Notes,https://www.geeksforgeeks.org/cbse-class-11-accountancy-notes/?ref=ghm
Class 12th Notes,https://www.geeksforgeeks.org/cbse-class-12-accountancy-notes/?ref=ghm
Accountancy Complete Guide,https://www.geeksforgeeks.org/accountancy/?ref=ghm
Class 11th Notes,https://www.geeksforgeeks.org/cbse-class-11-microeconomics-notes/?ref=ghm
Microeconomics Complete Guide,https://www.geeksforgeeks.org/microeconomics/?ref=ghm
Class 11th Notes,https://www.geeksforgeeks.org/cbse-class-11-statistics-for-economics-notes/?ref=ghm
Statistics for Economics Complete Guide,https://www.geeksforgeeks.org/statistics-for-economics/?ref=ghm
Class 12th notes,https://www.geeksforgeeks.org/cbse-class-12-macroeconomics-notes/?ref=ghm
Macroeconomics Complete Guide,https://www.geeksforgeeks.org/macroeconomics/?ref=ghm
Class 12th Notes,https://www.geeksforgeeks.org/cbse-class-12-indian-economic-development-notes/?ref=ghm
Indian Economic Development Complete Guide,https://www.geeksforgeeks.org/indian-economic-development/?ref=ghm
Management,https://www.geeksforgeeks.org/management/?ref=ghm
Income Tax,https://www.geeksforgeeks.org/income-tax/?ref=ghm
Finance,https://www.geeksforgeeks.org/finance/?ref=ghm
Economics - Paper 2020 Set 2 (58/2/2),https://www.geeksforgeeks.org/cbse-class-12-economics-solved-question-paper-2020-set-2-58-2-2/?ref=ghm
Economics - Paper 2020 Set 2,https://www.geeksforgeeks.org/cbse-class-12-economics-solved-question-paper-2020-set-2/?ref=ghm
Economics - Paper 2020 Set (58/1/3),https://www.geeksforgeeks.org/class-12-economics-solved-question-paper-2020-set-58-1-3/?ref=ghm
Economics - Paper 2020 Set (58/1/2),https://www.geeksforgeeks.org/cbse-class-12-economics-solved-question-paper-2020-set-58-1-2/?ref=ghm
"Accountancy - Paper Code: 67/1/1, 2020",https://www.geeksforgeeks.org/cbse-class-12-accountancy-solved-question-paper-paper-code-67-1-1-2020/?ref=ghm
"Accountancy - Paper Code: 67/1/2, 2020",https://www.geeksforgeeks.org/cbse-class-12-accountancy-solved-question-paper-paper-code-67-1-2-2020/?ref=ghm
"Accountancy - Paper Code: 67/1/3, 2020",https://www.geeksforgeeks.org/cbse-class-12-accountancy-solved-question-paper-paper-code-67-1-3-2020/?ref=ghm
"Accountancy - Paper Code: 67/2/1, 2020",https://www.geeksforgeeks.org/cbse-class-12-accountancy-solved-question-paper-67-2-1-2020/?ref=ghm
"Accountancy - Paper Code: 67/2/2, 2020",https://www.geeksforgeeks.org/cbse-class-12-accountancy-solved-question-paper-67-2-2/?ref=ghm
"Accountancy - Paper Code: 67/2/3, 2020",https://www.geeksforgeeks.org/cbse-class-12-accountancy-solved-question-paper-paper-code-67-2-3-2020/?ref=ghm
"Accountancy - Paper Code: 67/4/1, 2020",https://www.geeksforgeeks.org/cbse-class-12-accountancy-solved-question-paper-67-4-1-2020/?ref=ghm
Business Studies - Paper-2019 Set 1,https://www.geeksforgeeks.org/cbse-class-12-business-studies-solved-question-paper-2019-set-1/?ref=ghm
Business Studies - Paper 2019 Code (66-2-1),https://www.geeksforgeeks.org/cbse-class-12-business-studies-solved-question-paper-2019-code-66-2-1/?ref=ghm
Business Studies - Paper-2020 Set 1,https://www.geeksforgeeks.org/cbse-business-studies-question-paper-2020-set-1/?ref=ghm
Business Studies - Paper-2020 Set 2,https://www.geeksforgeeks.org/cbse-class-12-business-studies-solved-question-paper-2020-set-2/?ref=ghm
Economics - Paper 2020 Set 1,https://www.geeksforgeeks.org/cbse-class-12-economics-solved-question-paper-2020-set-1/?ref=ghm
Economics - Paper 2020 Set 2 (58/2/3),https://www.geeksforgeeks.org/cbse-class-12-economics-solved-question-paper-2020-set-2-58-2-3/?ref=ghm
Economics - Paper 2020 Set 3,https://www.geeksforgeeks.org/cbse-class-12-economics-solved-question-paper-2020-set-3/?ref=ghm
Economics - Paper 2020 Set 3 (58/3/2),https://www.geeksforgeeks.org/cbse-class-12-economics-solved-question-paper-2020-set-3-58-3-2/?ref=ghm
Economics - Paper 2020 Set 3 (58/3/3),https://www.geeksforgeeks.org/cbse-class-12-economics-solved-question-paper-2020-set-3-58-3-3/?ref=ghm
Economics - Paper 2020 Set 4 (58/4/1),https://www.geeksforgeeks.org/cbse-class-12-economics-solved-question-paper-2020-set-4-code-no-58-4-1/?ref=ghm
Economics - Paper 2020 Set 4 (58/4/2),https://www.geeksforgeeks.org/cbse-class-12-economics-solved-question-paper-2020-set-4-58-4-2/?ref=ghm
Economics - Paper 2020 Set 4 (58/4/3),https://www.geeksforgeeks.org/cbse-class-12-economics-solved-question-paper-2020-set-4-58-4-3/?ref=ghm
Economics - Paper 2020 Set 5 (58/5/1),https://www.geeksforgeeks.org/cbse-class-12-economics-solved-question-paper-2020-set-5-58-5-1/?ref=ghm
Economics - Paper 2020 Set 5 (58/5/2),https://www.geeksforgeeks.org/cbse-class-12-economics-solved-question-paper-2020-set-5-58-5-2/?ref=ghm
Economics - Paper 2020 Set 5 (58/5/3),https://www.geeksforgeeks.org/cbse-class-12-economics-solved-question-paper-2020-set-5-58-5-3/?ref=ghm
Commerce Complete Guide,https://www.geeksforgeeks.org/commerce/?ref=ghm
GATE 2024 Live Course,https://practice.geeksforgeeks.org/courses/gate-live-course?utm_source=geeksforgeeks&utm_medium=main_header&utm_campaign=courses
GATE Computer Science Notes,https://www.geeksforgeeks.org/gate-cs-notes-gq/?ref=ghm
Last Minute Notes,https://www.geeksforgeeks.org/lmns-gq/?ref=ghm
GATE CS Solved Papers,https://www.geeksforgeeks.org/gate-corner-2-gq/?ref=ghm
GATE CS Original Papers and Official Keys,https://www.geeksforgeeks.org/original-gate-previous-year-question-papers-cse-and-it-gq/?ref=ghm
GATE CS 2023 Syllabus,https://www.geeksforgeeks.org/gate-cse-syllabus-2023/?ref=ghm
Important Topics for GATE CS,https://www.geeksforgeeks.org/important-topics-prepare-gate-2020-computer-science-paper/?ref=ghm
GATE 2023 Important Dates,https://www.geeksforgeeks.org/gate-2023-exam-dates/?ref=ghm
ISRO CS Original Papers and Official Keys,https://www.geeksforgeeks.org/isro-original-papers-official-keys/?ref=ghm
ISRO CS Solved Papers,https://www.geeksforgeeks.org/isro-cs-preparation/?ref=ghm
ISRO CS Syllabus for Scientist/Engineer Exam,https://www.geeksforgeeks.org/isro-cse-syllabus-scientistengineer-exam-2018/?ref=ghm
UGC NET CS Notes Paper II,https://www.geeksforgeeks.org/ugc-net-cs-notes-according-to-syllabus-of-paper-ii/?ref=ghm
UGC NET CS Notes Paper III,https://www.geeksforgeeks.org/ugc-net-cs-notes-according-to-syllabus-of-paper-iii-core-group/?ref=ghm
UGC NET CS Solved Papers,https://www.geeksforgeeks.org/ugc-net-cs-preparation/?ref=ghm
RRB Clerk 2023 Exam,https://www.geeksforgeeks.org/ibps-rrb-clerk-2023/?ref=ghm
SBI Clerk Syllabus,https://www.geeksforgeeks.org/sbi-clerk-syllabus-2022/?ref=ghm
General Awareness,https://www.geeksforgeeks.org/sbi-clerk-general-awareness-syllabus/?ref=ghm
English,https://www.geeksforgeeks.org/sbi-clerk-english-syllabus-2022/?ref=ghm
Quantitative Aptitude,https://www.geeksforgeeks.org/sbi-clerk-quantitative-aptitude-syllabus-2022/?ref=ghm
Reasoning Ability,https://www.geeksforgeeks.org/sbi-clerk-reasoning-ability-syllabus/?ref=ghm
SBI Clerk Practice Papers,https://www.geeksforgeeks.org/sbi-clerk-practice-papers/?ref=ghm
SBI PO Syllabus,https://www.geeksforgeeks.org/sbi-po-syllabus-2022/?ref=ghm
General Awareness,https://www.geeksforgeeks.org/sbi-po-general-awareness-2022/?ref=ghm
English,https://www.geeksforgeeks.org/sbi-po-english-syllabus/?ref=ghm
Quantitative Aptitude,https://www.geeksforgeeks.org/sbi-po-quantitative-aptitude-2022/?ref=ghm
Reasoning Ability,https://www.geeksforgeeks.org/sbi-po-reasoning-syllabus/?ref=ghm
Previous Year Papers,https://www.geeksforgeeks.org/sbi-po-previous-year-papers/?ref=ghm
SBI PO Practice Papers,https://www.geeksforgeeks.org/sbi-po-practice-papers/?ref=ghm
IBPS PO 2022 Syllabus,https://www.geeksforgeeks.org/syllabus-of-ibps-po-2022/?ref=ghm
English Notes,https://www.geeksforgeeks.org/ibps-po-english-syllabus/?ref=ghm
Reasoning Notes,https://www.geeksforgeeks.org/reasoning-syllabus-for-ibps-po/?ref=ghm
Previous Year Papers,https://www.geeksforgeeks.org/ibps-po-previous-year-papers/?ref=ghm
Mock Question Papers,https://www.geeksforgeeks.org/ibps-po-mock-question-paper-2022/?ref=ghm
General Awareness,https://www.geeksforgeeks.org/general-awareness-for-ibps-po-bank-exam/?ref=ghm
IBPS Clerk Syllabus,https://www.geeksforgeeks.org/detailed-syllabus-of-ibps-clerk/?ref=ghm
English Notes,https://www.geeksforgeeks.org/english-syllabus-of-ibps-clerk-exam/?ref=ghm
Previous Year Papers,https://www.geeksforgeeks.org/ibps-clerk-previous-year-question-papers/?ref=ghm
Geography Notes,https://www.geeksforgeeks.org/important-topics-of-geography-for-upsc/?ref=ghm
Modern Indian History Notes,https://www.geeksforgeeks.org/modern-indian-history-notes-upsc/?ref=ghm
Medieval Indian History Notes,https://www.geeksforgeeks.org/medieval-history-notes-upsc/?ref=ghm
Ancient Indian History Notes,https://www.geeksforgeeks.org/ancient-history-notes-upsc/?ref=ghm
Complete History Notes,https://www.geeksforgeeks.org/important-topics-of-history-for-upsc/?ref=ghm
Science & Tech. Notes,https://www.geeksforgeeks.org/important-topics-of-science-and-technology-for-upsc/?ref=ghm
Ethics Notes,https://www.geeksforgeeks.org/important-topics-in-ethics-for-upsc/?ref=ghm
Polity Notes,https://www.geeksforgeeks.org/important-topics-in-polity-for-upsc/?ref=ghm
Economics Notes,https://www.geeksforgeeks.org/indian-economy-notes-upsc/?ref=ghm
Government Schemes (Updated),https://www.geeksforgeeks.org/list-of-important-government-schemes-in-india/?ref=ghm
UPSC Previous Year Papers,https://www.geeksforgeeks.org/upsc-previous-year-papers/?ref=ghm
SSC CGL Syllabus,https://www.geeksforgeeks.org/ssc-cgl-syllabus-2022/?ref=ghm
General Studies,https://www.geeksforgeeks.org/ssc-cgl-general-studies-syllabus/?ref=ghm
English,https://www.geeksforgeeks.org/ssc-cgl-english-syllabus/?ref=ghm
Reasoning,https://www.geeksforgeeks.org/ssc-reasoning-syllabus/?ref=ghm
Subjectwise Practice Papers,https://www.geeksforgeeks.org/ssc-cgl-practice-papers/?ref=ghm
Previous Year Papers,https://www.geeksforgeeks.org/ssc-cgl-previous-year-papers/?ref=ghm
Campus Ambassador Program,https://www.geeksforgeeks.org/campus-ambassador-program-by-geeksforgeeks/?ref=ghm
School Ambassador Program,https://www.geeksforgeeks.org/school-ambassador/?ref=ghm
Project,https://www.geeksforgeeks.org/computer-science-projects/?ref=ghm
Geek of the Month,https://www.geeksforgeeks.org/geek-of-the-month/?ref=ghm
Campus Geek of the Month,https://www.geeksforgeeks.org/campus-geek-of-the-month/?ref=ghm
Placement Course,https://www.geeksforgeeks.org/placements-gq/?ref=ghm
Competitive Programming,https://www.geeksforgeeks.org/competitive-programming-a-complete-guide/?ref=ghm
Testimonials,https://www.geeksforgeeks.org/testimonials/?ref=ghm
Student Chapter,https://www.geeksforgeeks.org/geeksforgeeks-student-chapter/?ref=ghm
Geek on the Top,https://www.geeksforgeeks.org/category/geek-on-the-top/?ref=ghm
Internship,https://www.geeksforgeeks.org/internship/?ref=ghm
Careers,https://www.geeksforgeeks.org/careers/?ref=ghm
Get Hired: Apply for Jobs,https://www.geeksforgeeks.org/jobs
Job-a-thon: Hiring Challenge,https://practice.geeksforgeeks.org/events/rec/job-a-thon?utm_source=geeksforgeeks&utm_medium=main_header&utm_campaign=jobs
Recruiter Dashboard,https://www.geeksforgeeks.org/hire-with-us/dashboard
Corporate Hiring Solutions,https://www.geeksforgeeks.org/job-a-thon/
All DSA Problems,https://practice.geeksforgeeks.org/explore?page=1&sortBy=submissions&utm_source=geeksforgeeks&utm_medium=main_header&utm_campaign=practice_header
Problem of the Day,https://practice.geeksforgeeks.org/problem-of-the-day?utm_source=geeksforgeeks&utm_medium=main_header&utm_campaign=practice_header
GFG SDE Sheet,https://practice.geeksforgeeks.org/explore?page=1&curated[]=1&sortBy=submissions&curated_names[]=SDE%20Sheet?utm_source=geeksforgeeks&utm_medium=main_header&utm_campaign=practice_header
Beginner's DSA Sheet,https://practice.geeksforgeeks.org/explore?page=1&curated[]=8&sortBy=submissions&curated_names[]=Beginner%27s%20DSA%20Sheet&utm_medium=main_header&utm_campaign=practice_header
Love Babbar Sheet,https://practice.geeksforgeeks.org/explore?page=1&curated[]=7&sortBy=submissions&curated_names[]=Love%20Babbar%20Sheet&utm_medium=main_header&utm_campaign=practice_header
Top 50 Array Problems,https://practice.geeksforgeeks.org/explore?page=1&curated[]=2&sortBy=submissions&curated_names[]=Top%2050%20Array%20Problems&utm_medium=main_header&utm_campaign=practice_header
Top 50 String Problems,https://practice.geeksforgeeks.org/explore?page=3&curated[]=3&sortBy=submissions&curated_names[]=Top%2050%20String%20Problems&utm_medium=main_header&utm_campaign=practice_header
Top 50 Tree Problems,https://practice.geeksforgeeks.org/explore?page=1&curated[]=6&sortBy=submissions&curated_names[]=Top%2050%20Tree%20Problems&utm_medium=main_header&utm_campaign=practice_header
Top 50 Graph Problems,https://practice.geeksforgeeks.org/explore?page=1&curated[]=5&sortBy=submissions&curated_names[]=Top%2050%20Graph%20Problems&utm_medium=main_header&utm_campaign=practice_header
Top 50 DP Problems,https://practice.geeksforgeeks.org/explore?page=1&curated[]=4&sortBy=submissions&curated_names[]=Top%2050%20DP%20Problems&utm_medium=main_header&utm_campaign=practice_header
GFG Weekly Coding Contest,https://practice.geeksforgeeks.org/events/rec/interview-series?utm_source=geeksforgeeks&utm_medium=main_header&utm_campaign=contests
Job-A-Thon: Hiring Challenge,https://practice.geeksforgeeks.org/events/rec/job-a-thon?utm_source=geeksforgeeks&utm_medium=main_header&utm_campaign=contests
BiWizard School Contest,https://practice.geeksforgeeks.org/events/rec/step-up-coding-school?utm_source=geeksforgeeks&utm_medium=main_header&utm_campaign=contests
All Contests and Events,https://practice.geeksforgeeks.org/events?utm_source=geeksforgeeks&utm_medium=main_header&utm_campaign=contests
Home,https://www.geeksforgeeks.org/?ref=ghm
Saved Videos,https://www.geeksforgeeks.org/videos/watchlist/?ref=ghm
Courses,https://practice.geeksforgeeks.org/courses?utm_source=geeksforgeeks&utm_medium=main_header&utm_campaign=courses
GBlog,https://www.geeksforgeeks.org/category/guestblogs/?ref=ghm
Puzzles,https://www.geeksforgeeks.org/puzzles/?ref=ghm
What's New ?,https://www.geeksforgeeks.org/geeks-classes-geeksforgeeks/?ref=ghm
Trending Now,https://www.geeksforgeeks.org/trending/?ref=shm
Data Structures,https://www.geeksforgeeks.org/data-structures/?ref=shm
Algorithms,https://www.geeksforgeeks.org/fundamentals-of-algorithms/?ref=shm
DSA to Development,https://www.geeksforgeeks.org/courses/dsa-to-development-coding-guide?itm_source=gfg_submenu&itm_medium=Home&itm_campaign=dsatodev_Submenu&ref=shm
Data Science,https://www.geeksforgeeks.org/courses/data-science-live?itm_source=GfG&itm_medium=gfg_submenu&itm_campaign=DS_Submenu/&ref=shm
Topic-wise Practice,https://practice.geeksforgeeks.org/explore?page=1&sortBy=submissions
Python,https://www.geeksforgeeks.org/python-programming-language/?ref=shm
Machine Learning,https://www.geeksforgeeks.org/machine-learning/?ref=shm
JavaScript,https://www.geeksforgeeks.org/learn-javascript-js-roadmap-for-beginners/?ref=shm
Java,https://www.geeksforgeeks.org/java/?ref=shm
C,https://www.geeksforgeeks.org/c-programming-language/?ref=shm
C++,https://www.geeksforgeeks.org/c-plus-plus/?ref=shm
ReactJS,https://www.geeksforgeeks.org/learn-reactjs/?ref=shm
NodeJS,https://www.geeksforgeeks.org/nodejs/?ref=shm
Competitive Programming,https://www.geeksforgeeks.org/courses/competitive-programming-live?itm_source=GfG&itm_medium=gfg_submenu&itm_campaign=DS_Submenu/&ref=shm
Aptitude,https://www.geeksforgeeks.org/aptitude-questions-and-answers/?ref=shm
Master Sheet,https://www.geeksforgeeks.org/geeksforgeeks-master-sheet-list-of-all-cheat-sheets/?ref=shm
Puzzles,https://www.geeksforgeeks.org/puzzles/?ref=shm
Projects,https://www.geeksforgeeks.org/computer-science-projects?ref=shm
Try It!,https://practice.geeksforgeeks.org/explore?page=1&sortBy=submissions&utm_source=gfg&utm_medium=search-bar&utm_campaign=practice-search
,https://www.geeksforgeeks.org/
feedback@geeksforgeeks.org,mailto:feedback@geeksforgeeks.org
,https://www.facebook.com/geeksforgeeks.org/
,https://www.instagram.com/geeks_for_geeks/
,https://in.linkedin.com/company/geeksforgeeks
,https://twitter.com/geeksforgeeks
,https://www.youtube.com/geeksforgeeksvideos
,https://geeksforgeeksapp.page.link/gfg-app
,https://geeksforgeeksapp.page.link/gfg-app
About Us,https://www.geeksforgeeks.org/about/
Legal,https://www.geeksforgeeks.org/legal/
Careers,https://geeksforgeeks.zohorecruit.in/careers
In Media,https://www.geeksforgeeks.org/press-release/
Contact Us,https://www.geeksforgeeks.org/about/contact-us/
Advertise with us,https://www.geeksforgeeks.org/advertise-with-us/
Job-A-Thon Hiring Challenge,https://practice.geeksforgeeks.org/events/rec/job-a-thon
Hack-A-Thon,https://practice.geeksforgeeks.org/hackathon/ecotech-hacks-for-sustainable-tomorrow-hackathon
GfG Weekly Contest,https://practice.geeksforgeeks.org/events/rec/gfg-weekly-coding-contest?utm_source=geeksforgeeks&utm_medium=footer&utm_campaign=gfgweekly
Offline Classes (Delhi/NCR),https://www.geeksforgeeks.org/courses/category/all?courseType=offline
DSA in JAVA/C++,https://www.geeksforgeeks.org/courses/dsa-self-paced?utm_source=geeksforgeeks&utm_medium=footer&utm_campaign=course
Master System Design,https://www.geeksforgeeks.org/courses/mastering-system-design-low-level-to-high-level-solutions?utm_source=geeksforgeeks&utm_medium=footer&utm_campaign=course
Master CP,https://www.geeksforgeeks.org/courses/competitive-programming-cp?utm_source=geeksforgeeks&utm_medium=footer&utm_campaign=course
Languages,https://www.geeksforgeeks.org/introduction-to-programming-languages/?ref=footer
Python,https://www.geeksforgeeks.org/python-programming-language/?ref=footer
Java,https://www.geeksforgeeks.org/java/?ref=footer
C++,https://www.geeksforgeeks.org/c-plus-plus/?ref=footer
PHP,https://www.geeksforgeeks.org/php-tutorials/?ref=footer
GoLang,https://www.geeksforgeeks.org/golang/?ref=footer
SQL,https://www.geeksforgeeks.org/sql-tutorial/?ref=footer
R Language,https://www.geeksforgeeks.org/r-tutorial/?ref=footer
Android Tutorial,https://www.geeksforgeeks.org/android-tutorial/?ref=footer
DSA Concepts,https://www.geeksforgeeks.org/learn-data-structures-and-algorithms-dsa-tutorial/?ref=footer
Data Structures,https://www.geeksforgeeks.org/data-structures/?ref=footer
Arrays,https://www.geeksforgeeks.org/complete-guide-to-arrays-data-structure/?ref=footer
Strings,https://www.geeksforgeeks.org/complete-guide-to-string-data-structure/?ref=footer
Linked List,https://www.geeksforgeeks.org/data-structures/linked-list/?ref=footer
Algorithms,https://www.geeksforgeeks.org/fundamentals-of-algorithms/?ref=footer
Searching,https://www.geeksforgeeks.org/searching-algorithms/?ref=footer
Sorting,https://www.geeksforgeeks.org/sorting-algorithms/?ref=footer
Mathematical,https://www.geeksforgeeks.org/mathematical-and-geometric-algorithms-data-structure-and-algorithm-tutorials/?ref=footer
Dynamic Programming,https://www.geeksforgeeks.org/dynamic-programming/?ref=footer
DSA for Beginners,https://www.geeksforgeeks.org/complete-guide-to-dsa-for-beginners/?ref=footer
Basic DSA Coding Problems,https://www.geeksforgeeks.org/basic-coding-problems-in-dsa-for-beginners/?ref=footer
Complete Roadmap To Learn DSA,https://www.geeksforgeeks.org/complete-roadmap-to-learn-dsa-from-scratch/?ref=footer
DSA for FrontEnd Developers,https://www.geeksforgeeks.org/how-to-get-started-with-dsa-for-frontend-developer-interview/?ref=footer
DSA with JavaScript,https://www.geeksforgeeks.org/learn-data-structures-with-javascript-dsa-tutorial/?ref=footer
Top 100 DSA Interview Problems,https://www.geeksforgeeks.org/top-100-data-structure-and-algorithms-dsa-interview-questions-topic-wise/?ref=footer
All Cheat Sheets,https://www.geeksforgeeks.org/geeksforgeeks-master-sheet-list-of-all-cheat-sheets/?ref=footer
DSA Roadmap by Sandeep Jain,https://www.geeksforgeeks.org/dsa-roadmap-for-beginner-to-advanced-by-sandeep-jain/?ref=footer
Web Development,https://www.geeksforgeeks.org/web-development/?ref=footer
HTML,https://www.geeksforgeeks.org/html/?ref=footer
CSS,https://www.geeksforgeeks.org/css/?ref=footer
JavaScript,https://www.geeksforgeeks.org/learn-javascript-js-roadmap-for-beginners/?ref=footer
Bootstrap,https://www.geeksforgeeks.org/bootstrap/?ref=footer
ReactJS,https://www.geeksforgeeks.org/learn-reactjs/?ref=footer
AngularJS,https://www.geeksforgeeks.org/angularjs/?ref=footer
NodeJS,https://www.geeksforgeeks.org/nodejs/?ref=footer
Express.js,https://www.geeksforgeeks.org/express-js/?ref=footer
Lodash,https://www.geeksforgeeks.org/lodash/?ref=footer
Computer Science,https://www.geeksforgeeks.org/gate-cs-notes-gq/?ref=footer
GATE CS Notes,https://www.geeksforgeeks.org/gate-cs-notes-gq/?ref=footer
Operating Systems,https://www.geeksforgeeks.org/operating-systems/?ref=footer
Computer Network,https://www.geeksforgeeks.org/computer-network-tutorials/?ref=footer
Database Management System,https://www.geeksforgeeks.org/dbms/?ref=footer
Software Engineering,https://www.geeksforgeeks.org/software-engineering/?ref=footer
Digital Logic Design,https://www.geeksforgeeks.org/digital-electronics-logic-design-tutorials/?ref=footer
Engineering Maths,https://www.geeksforgeeks.org/engineering-mathematics-tutorials/?ref=footer
Python,https://www.geeksforgeeks.org/python-programming-language/?ref=footer
Python Programming Examples,https://www.geeksforgeeks.org/python-programming-examples/?ref=footer
Django Tutorial,https://www.geeksforgeeks.org/django-tutorial/?ref=footer
Python Projects,https://www.geeksforgeeks.org/python-projects-beginner-to-advanced/?ref=footer
Python Tkinter,https://www.geeksforgeeks.org/python-tkinter-tutorial/?ref=footer
OpenCV Python Tutorial,https://www.geeksforgeeks.org/opencv-python-tutorial/?ref=footer
Python Interview Question,https://www.geeksforgeeks.org/python-interview-questions/?ref=footer
Data Science With Python,https://www.geeksforgeeks.org/data-science-tutorial/?ref=footer
Data Science For Beginner,https://www.geeksforgeeks.org/data-science-for-beginners/?ref=footer
Machine Learning Tutorial,https://www.geeksforgeeks.org/machine-learning/?ref=footer
Maths For Machine Learning,https://www.geeksforgeeks.org/machine-learning-mathematics/?ref=footer
Pandas Tutorial,https://www.geeksforgeeks.org/pandas-tutorial/?ref=footer
NumPy Tutorial,https://www.geeksforgeeks.org/numpy-tutorial/?ref=footer
NLP Tutorial,https://www.geeksforgeeks.org/natural-language-processing-nlp-tutorial/?ref=footer
Deep Learning Tutorial,https://www.geeksforgeeks.org/deep-learning-tutorial/?ref=footer
DevOps,https://www.geeksforgeeks.org/devops-tutorial/?ref=footer
Git,https://www.geeksforgeeks.org/git-tutorial/?ref=footer
AWS,https://www.geeksforgeeks.org/aws-tutorial/?ref=footer
Docker,https://www.geeksforgeeks.org/docker-tutorial/?ref=footer
Kubernetes,https://www.geeksforgeeks.org/kubernetes-tutorial/?ref=footer
Azure,https://www.geeksforgeeks.org/microsoft-azure/?ref=footer
GCP,https://www.geeksforgeeks.org/google-cloud-platform-tutorial/?ref=footer
Competitive Programming,https://www.geeksforgeeks.org/competitive-programming-a-complete-guide/?ref=footer
Top DSA for CP,https://www.geeksforgeeks.org/top-algorithms-and-data-structures-for-competitive-programming/?ref=footer
Top 50 Tree Problems,https://www.geeksforgeeks.org/top-50-tree-coding-problems-for-interviews?ref=footer
Top 50 Graph Problems,https://www.geeksforgeeks.org/top-50-graph-coding-problems-for-interviews/?ref=footer
Top 50 Array Problems,https://www.geeksforgeeks.org/top-50-array-coding-problems-for-interviews/?ref=footer
Top 50 String Problems,https://www.geeksforgeeks.org/top-50-string-coding-problems-for-interviews/?ref=footer
Top 50 DP Problems,https://www.geeksforgeeks.org/top-50-dynamic-programming-coding-problems-for-interviews/?ref=footer
Top 15 Websites for CP,https://www.geeksforgeeks.org/top-15-websites-for-coding-challenges-and-competitions/?ref=footer
System Design,https://www.geeksforgeeks.org/system-design-tutorial/?ref=footer
What is System Design,https://www.geeksforgeeks.org/what-is-system-design-learn-system-design/?ref=footer
Monolithic and Distributed SD,https://www.geeksforgeeks.org/analysis-of-monolithic-and-distributed-systems-learn-system-design/?ref=footer
Scalability in SD,https://www.geeksforgeeks.org/what-is-scalability-and-how-to-achieve-it-learn-system-design/?ref=footer
Databases in SD,https://www.geeksforgeeks.org/complete-reference-to-databases-in-designing-systems/?ref=footer
High Level Design or HLD,https://www.geeksforgeeks.org/what-is-high-level-design-learn-system-design/?ref=footer
Low Level Design or LLD,https://www.geeksforgeeks.org/what-is-low-level-design-or-lld-learn-system-design/?ref=footer
Top SD Interview Questions,https://www.geeksforgeeks.org/top-10-system-design-interview-questions-and-answers/?ref=footer
Interview Corner,https://www.geeksforgeeks.org/company-interview-corner/?ref=footer
Company Wise Preparation,https://www.geeksforgeeks.org/company-preparation/?ref=footer
Preparation for SDE,https://www.geeksforgeeks.org/interview-preparation-for-software-developer/?ref=footer
Experienced Interviews,https://www.geeksforgeeks.org/experienced-interview-experiences-company-wise/?ref=footer
Internship Interviews,https://www.geeksforgeeks.org/internship-interview-experiences-company-wise/?ref=footer
Competitive Programming,https://www.geeksforgeeks.org/competitive-programming-a-complete-guide/?ref=footer
Aptitude Preparation,https://www.geeksforgeeks.org/aptitude-questions-and-answers/?ref=footer
GfG School,https://www.geeksforgeeks.org/geeksforgeeks-school/?ref=footer
CBSE Notes for Class 8,https://www.geeksforgeeks.org/cbse-notes-for-class-8/?ref=footer
CBSE Notes for Class 9,https://www.geeksforgeeks.org/cbse-notes-for-class-9/?ref=footer
CBSE Notes for Class 10,https://www.geeksforgeeks.org/cbse-class-10-revision-notes/?ref=footer
CBSE Notes for Class 11,https://www.geeksforgeeks.org/cbse-class-11-revision-notes/?ref=footer
CBSE Notes for Class 12,https://www.geeksforgeeks.org/cbse-class-12-revision-notes/?ref=footer
English Grammar,https://www.geeksforgeeks.org/english-grammar/?ref=footer
Commerce,https://www.geeksforgeeks.org/commerce/?ref=footer
Accountancy,https://www.geeksforgeeks.org/accountancy/?ref=footer
Business Studies,https://www.geeksforgeeks.org/business-studies/?ref=footer
Economics,https://www.geeksforgeeks.org/economics/?ref=footer
Management,https://www.geeksforgeeks.org/management/?ref=footer
Income Tax,https://www.geeksforgeeks.org/income-tax/?ref=footer
Finance,https://www.geeksforgeeks.org/finance/?ref=footer
Statistics for Economics,https://www.geeksforgeeks.org/statistics-for-economics-complete-guide-a-to-z-concepts/?ref=footer
Polity Notes,https://www.geeksforgeeks.org/important-topics-in-polity-for-upsc/?ref=footer
Geography Notes,https://www.geeksforgeeks.org/important-topics-of-geography-for-upsc/?ref=footer
History Notes,https://www.geeksforgeeks.org/history-notes-for-upsc-exam/?ref=footer
Science and Technology Notes,https://www.geeksforgeeks.org/important-topics-of-science-and-technology-for-upsc/?ref=footer
Economics Notes,https://www.geeksforgeeks.org/indian-economy-notes-upsc/?ref=footer
Important Topics in Ethics,https://www.geeksforgeeks.org/important-topics-in-ethics-for-upsc/?ref=footer
UPSC Previous Year Papers,https://www.geeksforgeeks.org/upsc-previous-year-question-paper-solutions/?ref=footer
SSC CGL Syllabus,https://www.geeksforgeeks.org/ssc-cgl-syllabus-2022/?ref=footer
SBI PO Syllabus,https://www.geeksforgeeks.org/sbi-po-syllabus-2023/?ref=footer
SBI Clerk Syllabus,https://www.geeksforgeeks.org/sbi-clerk-syllabus-2022/?ref=footer
IBPS PO Syllabus,https://www.geeksforgeeks.org/syllabus-of-ibps-po-2022/?ref=footer
IBPS Clerk Syllabus,https://www.geeksforgeeks.org/detailed-syllabus-of-ibps-clerk/?ref=footer
Aptitude Questions,https://www.geeksforgeeks.org/aptitude-questions-and-answers/?ref=footer
SSC CGL Practice Papers,https://www.geeksforgeeks.org/ssc-cgl-practice-papers/?ref=footer
Write an Article,https://write.geeksforgeeks.org/?ref=footer
Improve an Article,https://www.geeksforgeeks.org/how-to-improve-an-article/
Pick Topics to Write,https://write.geeksforgeeks.org/pick-article/?ref=footer
Write Interview Experience,https://www.geeksforgeeks.org/write-interview-experience/?ref=footer
Internships,https://write.geeksforgeeks.org/internship/?ref=footer
@geeksforgeeks,https://www.geeksforgeeks.org/
Some rights reserved,https://www.geeksforgeeks.org/copyright-information/
Cookie Policy,https://www.geeksforgeeks.org/cookie-policy/
Privacy Policy,https://www.geeksforgeeks.org/privacy-policy/
